orb_repos_now	orb_repos_later	email_orb_info_yes_1	email_orb_info_email	stay_in_touch_email	stay_in_touch_boxes_1	stay_in_touch_boxes_2
Facilisis purus amet odio vulputate, culpa, mattis eu per integer consequat, cursus.	Egestas suspendisse montes magnis. Curabitur phasellus fermentum. Viverra et blandit elit? Tortor leo.	Yes	Vel? A sodales felis ipsum duis? A interdum? Integer ullamcorper.	Venenatis sem dapibus at accumsan laoreet felis sollicitudin culpa vivamus scelerisque malesuada non.	I'd like to be receive periodic announcements from my campus' Open Source Program Office.	I'd like an invitation to the UC Tech Slack Workspace.
Elit ultricies sodales, sollicitudin tincidunt volutpat vulputate interdum massa. Platea. Pharetra porttitor lacus! Scelerisque.	Accumsan tortor iaculis, aliquam potenti commodo vel consectetuer arcu. Vehicula mauris.	Yes	Ullamcorper posuere ultrices sodales nullam iaculis venenatis. Etiam? Fusce euismod molestie? Dolorem vitae cras.	Cursus euismod consequat, duis! Odio eu turpis donec tincidunt nonummy.	I'd like to be receive periodic announcements from my campus' Open Source Program Office.	
Atque iaculis lorem donec commodo cursus dui dui sit porta, amet sed.	Vehicula elit metus ligula. Id sapien per pede fringilla aliquet, auctor. Lorem consectetuer dui, turpis.	Yes	Vivamus dapibus atque id magnis? Mauris diam iaculis risus. Neque? Scelerisque rhoncus sagittis.	Vulputate fermentum aliquet eu atque vitae tempus? A? Facilisi nibh.		I'd like an invitation to the UC Tech Slack Workspace.
				Tellus commodo! Est proin! Nonummy diam orci auctor, tincidunt fusce porttitor vestibulum.	I'd like to be receive periodic announcements from my campus' Open Source Program Office.	I'd like an invitation to the UC Tech Slack Workspace.
Venenatis nunc atque, pede placerat non. Nunc tempus a magnis.	Mi quam. Facilisi! Lorem ante dictumst convallis ultrices ultricies dictumst, vehicula laoreet ultricies.	Yes	In! Posuere risus a? Potenti scelerisque! Aliquet accusamus porta wisi sit amet! Porta turpis tempus.	Vehicula? Iaculis duis ligula. Mi nonummy nec? Consequat. Temporibus? Ullamcorper? Aliquam. Aenean accusamus! Fringilla? Dapibus.		I'd like an invitation to the UC Tech Slack Workspace.
Quis nunc et praesent urna amet rutrum faucibus? Diam sagittis est. Ac nonummy.	Nec. Commodo. Non? Magna ac consequat. Mauris potenti mauris? Orci mattis.	Yes	Orci laoreet facilisis sagittis egestas? Ante. Vitae magnis fermentum tortor.	Vel quis! Fermentum atque at suscipit vivamus donec duis etiam. Ligula ullamcorper.	I'd like to be receive periodic announcements from my campus' Open Source Program Office.	I'd like an invitation to the UC Tech Slack Workspace.
						
				Bibendum nonummy dolorem per cursus. Malesuada tortor malesuada dictumst! Suspendisse? Elementum.	I'd like to be receive periodic announcements from my campus' Open Source Program Office.	I'd like an invitation to the UC Tech Slack Workspace.
Eu vivamus cras vivamus! Suspendisse vel imperdiet felis gravida. At nullam odio.	Sagittis vulputate, augue orci integer tempora augue risus, leo. Potenti interdum laoreet in aliquam. Facilisis.	Yes	Cras. Aliquet ipsum pharetra sodales? Lacus malesuada! Mattis. Vitae vulputate primis facilisi neque.	Sollicitudin id bibendum. Mi molestie proin nunc bibendum platea. Pretium purus vivamus. Mauris. Turpis.	I'd like to be receive periodic announcements from my campus' Open Source Program Office.	I'd like an invitation to the UC Tech Slack Workspace.
						
Integer augue placerat porta nullam et aliquam, integer. Augue ac metus orci faucibus.	Tortor facilisi mauris eu est sit arcu. Consectetuer, eu rutrum elementum metus.	Yes	Diam metus! Ipsum laoreet orci tortor curabitur. Nec facilisis, amet sollicitudin ac nulla orci.	Per elit sem lectus diam consequat pharetra orci nibh vestibulum tellus dui.	I'd like to be receive periodic announcements from my campus' Open Source Program Office.	
At mauris. Porttitor eu quis! Orci ante dictumst atque justo nonummy? Erat nunc nullam culpa.	Justo auctor mauris. A nunc turpis nibh donec, fusce duis diam euismod.	Yes	Suspendisse ridiculus laoreet cras vitae lacus enim. Rutrum nunc volutpat, vel tincidunt neque.	Facilisi sagittis aenean massa eros dignissim sem rutrum primis et aliquet.	I'd like to be receive periodic announcements from my campus' Open Source Program Office.	I'd like an invitation to the UC Tech Slack Workspace.
Lacus pretium! Vulputate ultrices montes ante nec ultricies. Aliquam curabitur. Imperdiet gravida purus nulla.	Tempor nullam lacus culpa at nulla tortor nulla est. Integer. Consequat augue, maecenas.	Yes	Purus interdum posuere pellentesque egestas fermentum odio etiam? Ultricies? Fermentum molestie.	Aliquam tempora risus? Accumsan. Natoque accusamus posuere porttitor praesent proin facilisi? Dapibus iaculis lectus.		I'd like an invitation to the UC Tech Slack Workspace.
Est luctus temporibus neque phasellus aliquam diam vulputate. Dui faucibus. Rutrum posuere massa integer purus.	Imperdiet. Malesuada laoreet fermentum donec sem leo, cras, quis? Consectetuer? Porttitor, ultricies rutrum eget.	Yes	Cursus dignissim aliquam accusamus ut dolorem leo atque aliquet suscipit.	Atque eu tincidunt mattis. Ipsum pede ultrices? Consectetuer maecenas in sagittis vel! Faucibus.	I'd like to be receive periodic announcements from my campus' Open Source Program Office.	
Egestas urna eu fermentum vitae accusamus. Purus potenti! Eleifend viverra curabitur nullam pharetra placerat culpa.	Amet nibh ante, morbi donec vehicula mattis est arcu. Eu! Vulputate mi.	Yes	Ridiculus aliquet urna integer vivamus sodales pellentesque? Tincidunt aliquet donec dolor vel. Eleifend tempor mattis.	Dui vitae ipsum phasellus curabitur pharetra aliquam vitae. Mattis venenatis.	I'd like to be receive periodic announcements from my campus' Open Source Program Office.	
